word,count,label
inventhelp,1,Up
inventor,1,Up
develops,1,Up
modified,1,Up
leash,1,Up
dog,1,Up
acc,1,Up
coinws,1,Up
eaff,1,Up
sponsorship,1,Up
yield,1,Up
impression,1,Up
elevating,1,Up
web,1,Up
sport,2,Up
reach,5,Up
dont,1,Up
sleep,1,Up
best,3,Up
meme,3,Up
coin,3,Up
join,1,Up
monththis,1,Up
cat,1,Up
presale,1,Up
exploding,1,Up
conexus,1,Up
cornerstone,1,Up
synergy,1,Up
merger,2,Up
name,1,Up
ceo,1,Up
announced,3,Up
price,23,Up
million,29,Up
investment,9,Up
brown,2,Up
nysebro,1,Up
invesco,2,Up
qqq,1,Up
nasdaqqqq,1,Up
reduced,1,Up
carbahal,2,Up
olsen,2,Up
financial,16,Up
service,9,Up
valero,1,Up
energy,4,Up
corporation,21,Up
nysevlo,1,Up
lowered,2,Up
ima,3,Up
advisory,4,Up
strategic,5,Up
partner,16,Up
ltd,10,Up
grows,3,Up
ishares,15,Up
short,1,Up
treasury,4,Up
bond,7,Up
nasdaqshv,1,Up
decrease,3,Up
stake,9,Up
boston,1,Up
scientific,1,Up
nysebsx,1,Up
traveler,1,Up
nysetrv,1,Up
boosted,3,Up
ames,3,Up
national,11,Up
corp,8,Up
wakefield,3,Up
asset,13,Up
lllp,3,Up
sell,15,Up
goldman,3,Up
sachs,3,Up
nysegs,2,Up
delaney,2,Up
dennis,2,Up
canadian,2,Up
railway,2,Up
nysecni,2,Up
acquires,12,Up
core,8,Up
aggregate,1,Up
nysearcaagg,1,Up
wedbush,4,Up
security,6,Up
abbott,1,Up
laboratory,1,Up
nyseabt,1,Up
nasdaqtlt,1,Up
lowes,1,Up
nyselow,1,Up
brooktree,1,Up
general,6,Up
dynamic,3,Up
nysegd,2,Up
vanguard,9,Up
value,1,Up
nysearcavtv,1,Up
ltds,1,Up
largest,1,Up
lower,4,Up
smallcap,3,Up
nysearcaijr,2,Up
bought,5,Up
mexican,1,Up
tourist,1,Up
brother,1,Up
alligator,1,Up
alcatraz,1,Up
orlando,1,Up
arrest,1,Up
father,1,Up
deadline,1,Up
alert,7,Up
faruqi,2,Up
llp,4,Up
investigates,1,Up
claim,2,Up
behalf,1,Up
investor,3,Up
alto,1,Up
neuroscience,1,Up
excelsior,1,Up
historic,2,Up
downtown,1,Up
verge,1,Up
change,2,Up
kay,1,Up
yow,1,Up
cancer,1,Up
fund,3,Up
award,3,Up
grant,2,Up
josephscandler,1,Up
spotlight,20,Up
servicenow,4,Up
lift,1,Up
guidance,1,Up
growth,6,Up
nysegm,3,Up
receives,3,Up
outperform,2,Up
rating,5,Up
hershey,2,Up
hiking,1,Up
chocolate,1,Up
kslcom,1,Up
esg,2,Up
showcase,2,Up
significant,2,Up
progress,2,Up
mace,2,Up
announces,1,Up
majority,1,Up
consult,1,Up
alternative,1,Up
jameson,1,Up
irish,2,Up
whiskey,1,Up
major,2,Up
league,1,Up
soccer,2,Up
toast,1,Up
summer,4,Up
close,6,Up
bristol,1,Up
myers,1,Up
squibb,1,Up
nysebmy,1,Up
white,1,Up
house,2,Up
unveils,1,Up
artificial,1,Up
intelligence,2,Up
policy,1,Up
plan,2,Up
oracle,3,Up
nyseorcl,3,Up
acquired,5,Up
bank,8,Up
florida,9,Up
msd,5,Up
nysenow,3,Up
gallacher,1,Up
international,3,Up
business,3,Up
machine,1,Up
nyseibm,1,Up
legato,3,Up
increase,4,Up
altria,2,Up
nysemo,2,Up
raised,2,Up
forbes,3,Up
fiserv,1,Up
nysefi,1,Up
madison,3,Up
johnson,3,Up
nysejnj,1,Up
chubb,2,Up
limited,2,Up
nysecb,2,Up
renewable,1,Up
consider,2,Up
boost,6,Up
purchase,9,Up
japan,2,Up
agree,1,Up
work,17,Up
together,1,Up
promote,1,Up
free,2,Up
trade,2,Up
economic,1,Up
analyst,6,Up
saying,1,Up
amazon,3,Up
earnings,14,Up
next,4,Up
amznnasdaq,1,Up
seeking,2,Up
alpha,1,Up
assuranceamerica,1,Up
named,1,Up
workplace,1,Up
winner,1,Up
emergency,2,Up
test,4,Up
date,2,Up
trump,18,Up
administration,3,Up
open,2,Up
investigation,5,Up
harvard,2,Up
visa,2,Up
program,2,Up
eligibility,2,Up
depot,1,Up
nysehd,1,Up
rtx,1,Up
nysertx,1,Up
venturi,3,Up
wealth,15,Up
america,2,Up
nysebac,1,Up
sym,5,Up
fortinet,1,Up
nasdaqftnt,1,Up
worthpointe,1,Up
tesla,37,Up
nasdaqtsla,2,Up
gratus,1,Up
advisor,9,Up
southern,1,Up
nyseso,1,Up
oak,2,Up
thistle,2,Up
progressive,4,Up
nysepgr,4,Up
msci,4,Up
eafe,2,Up
batsiefa,2,Up
granite,2,Up
pfizer,2,Up
nysepfe,2,Up
expected,1,Up
rise,4,Up
adobe,2,Up
nasdaqadbe,2,Up
shanghai,1,Up
research,4,Up
lab,1,Up
latest,3,Up
costcutting,1,Up
move,1,Up
bbq,1,Up
chicken,1,Up
drop,1,Up
mega,1,Up
wing,2,Up
deal,7,Up
delivery,1,Up
nationwide,1,Up
christopher,1,Up
murray,1,Up
sandro,1,Up
galea,1,Up
selected,1,Up
recipient,1,Up
cdc,1,Up
foundation,1,Up
fry,1,Up
health,2,Up
schwab,1,Up
largecap,1,Up
nysearcaschg,1,Up
increased,2,Up
goepper,3,Up
burkhardt,3,Up
citigroup,1,Up
nysec,1,Up
cut,4,Up
nysearcaivv,1,Up
total,3,Up
usd,2,Up
nasdaqiusb,2,Up
dividend,2,Up
appreciation,2,Up
nysearcavig,2,Up
decreased,2,Up
selling,3,Up
glossy,1,Up
future,3,Up
shipped,1,Up
simulation,2,Up
plus,2,Up
slp,2,Up
holzer,4,Up
strong,2,Up
profit,3,Up
stable,2,Up
outlook,2,Up
appeal,2,Up
innovative,2,Up
solution,4,Up
extreme,1,Up
measure,2,Up
dodge,1,Up
epstein,2,Up
vote,1,Up
call,2,Up
early,1,Up
recess,1,Up
flas,2,Up
housing,2,Up
inventory,2,Up
continue,2,Up
moderate,3,Up
annual,1,Up
meeting,1,Up
vital,2,Up
expands,3,Up
ethical,2,Up
network,4,Up
balancing,2,Up
calm,2,Up
aaon,2,Up
secures,2,Up
flexibility,2,Up
gain,4,Up
recent,2,Up
jolt,2,Up
crude,1,Up
gasoline,1,Up
draw,1,Up
prop,1,Up
oil,1,Up
harmony,2,Up
bioscience,2,Up
advance,2,Up
pipeline,2,Up
navigating,2,Up
caution,2,Up
fitlife,2,Up
brand,2,Up
confidence,2,Up
amid,16,Up
mixed,2,Up
sale,2,Up
online,2,Up
strength,2,Up
pjt,2,Up
momentum,2,Up
target,2,Up
insider,3,Up
hasbro,2,Up
beat,2,Up
secondquarter,2,Up
expectation,2,Up
gaming,2,Up
division,2,Up
offset,2,Up
tarifffueled,2,Up
toy,2,Up
slump,2,Up
cnbc,1,Up
pinterest,2,Up
rally,36,Up
user,3,Up
surge,2,Up
global,3,Up
expansion,2,Up
success,3,Up
convergence,3,Up
corning,1,Up
incorporated,3,Up
nyseglw,1,Up
take,1,Up
screen,1,Up
clampdown,1,Up
twohour,1,Up
social,1,Up
medium,1,Up
limit,1,Up
among,1,Up
seriously,1,Up
considered,1,Up
teen,1,Up
promising,1,Up
hydrogen,1,Up
blackrock,1,Up
nyseblk,1,Up
procter,1,Up
gamble,1,Up
nysepg,1,Up
tmobile,1,Up
nasdaqtmus,1,Up
vestor,2,Up
medtronic,1,Up
plc,1,Up
nysemdt,1,Up
gop,2,Up
senator,1,Up
give,1,Up
warning,1,Up
midterm,1,Up
tracking,16,Up
medicaid,16,Up
patient,16,Up
status,16,Up
prove,16,Up
difficult,16,Up
arriving,1,Up
detail,1,Up
theyll,1,Up
benefit,2,Up
economy,1,Up
yet,1,Up
materialize,1,Up
nysearcaivw,1,Up
rep,1,Up
mike,1,Up
lawler,1,Up
wont,1,Up
run,2,Up
governor,6,Up
york,1,Up
elise,1,Up
stefaniks,1,Up
decision,20,Up
loom,1,Up
obama,4,Up
responds,1,Up
newly,1,Up
declassified,1,Up
document,1,Up
unesco,18,Up
put,18,Up
agency,18,Up
doe,19,Up
matter,18,Up
columbia,3,Up
university,1,Up
agrees,1,Up
pay,1,Up
restore,1,Up
federal,5,Up
funding,2,Up
gabbard,1,Up
launched,1,Up
yearslong,1,Up
coup,1,Up
treasonous,1,Up
conspiracy,1,Up
american,5,Up
people,1,Up
npr,1,Up
editorinchief,1,Up
edith,1,Up
chapin,1,Up
resigning,1,Up
attack,1,Up
lam,1,Up
nasdaqlrcx,1,Up
burney,3,Up
nextera,1,Up
nysenee,1,Up
jpl,1,Up
buy,5,Up
trust,1,Up
low,2,Up
duration,1,Up
opportunity,1,Up
nasdaqlmbs,1,Up
coleman,1,Up
mac,1,Up
blackdecker,1,Up
bizarre,1,Up
nyc,1,Up
mayor,2,Up
race,2,Up
chance,1,Up
writein,1,Up
candidate,1,Up
finding,1,Up
another,1,Up
blow,1,Up
automaker,1,Up
anthropic,1,Up
exec,1,Up
raise,2,Up
insure,1,Up
agent,1,Up
help,2,Up
startup,1,Up
deploy,1,Up
safely,1,Up
message,1,Up
tech,1,Up
billionaire,1,Up
peter,1,Up
thiel,1,Up
chatgpt,1,Up
promised,1,Up
forget,1,Up
conversation,1,Up
ended,1,Up
kennedy,1,Up
adopts,1,Up
panel,1,Up
advice,1,Up
remove,1,Up
flu,1,Up
shot,1,Up
ingredient,1,Up
palestinian,2,Up
starving,1,Up
killed,1,Up
israeli,1,Up
troop,1,Up
aid,1,Up
almost,1,Up
nysearcavb,1,Up
efficient,1,Up
intercept,1,Up
hong,1,Up
kong,1,Up
kraft,1,Up
heinz,1,Up
nasdaqkhc,1,Up
netflix,2,Up
nasdaqnflx,2,Up
midcap,1,Up
nysearcavo,1,Up
purchased,2,Up
garrison,1,Up
bradford,1,Up
associate,2,Up
beacon,1,Up
texas,2,Up
instrument,2,Up
nasdaqtxn,2,Up
clifford,1,Up
swan,1,Up
counsel,1,Up
fastenal,1,Up
nasdaqfast,1,Up
judge,2,Up
partially,1,Up
block,1,Up
banning,1,Up
adult,1,Up
helping,1,Up
minor,1,Up
outofstate,1,Up
abortion,1,Up
osbournes,1,Up
changed,1,Up
reality,1,Up
spotify,1,Up
technology,4,Up
nysespot,1,Up
julius,1,Up
baer,1,Up
zurich,1,Up
klp,4,Up
kapitalforvaltning,4,Up
intel,3,Up
nasdaqintc,2,Up
roper,1,Up
nyserop,1,Up
ecolab,2,Up
nyseecl,2,Up
welltower,1,Up
nysewell,1,Up
poplar,1,Up
forest,1,Up
ftse,2,Up
emerging,1,Up
nysearcavwo,1,Up
shopify,1,Up
nyseshop,1,Up
neutral,1,Up
arete,1,Up
paypal,1,Up
nasdaqpypl,1,Up
boyd,2,Up
watterson,2,Up
brennans,1,Up
lie,1,Up
expose,1,Up
cia,1,Up
director,1,Up
deception,1,Up
undermine,1,Up
summit,2,Up
nysearcavoo,1,Up
coon,2,Up
stryker,1,Up
nysesyk,1,Up
nasdaqief,2,Up
auto,1,Up
owner,1,Up
insurance,1,Up
mondelez,1,Up
nasdaqmdlz,1,Up
democratic,1,Up
memo,1,Up
party,2,Up
redistricting,1,Up
problem,1,Up
deeper,1,Up
elevance,1,Up
nyseelv,1,Up
retirement,2,Up
income,1,Up
reduces,2,Up
developed,1,Up
nysearcavea,1,Up
spdr,2,Up
portfolio,1,Up
nysearcaspyg,1,Up
uptown,1,Up
illegal,1,Up
alien,1,Up
arrested,1,Up
attempted,1,Up
rape,1,Up
woman,2,Up
murder,1,Up
son,1,Up
longtime,1,Up
rage,1,Up
roar,1,Up
furor,1,Up
six,1,Up
local,3,Up
municipality,1,Up
face,1,Up
deficit,1,Up
lifeguard,1,Up
pension,1,Up
garmin,1,Up
nysegrmn,1,Up
slim,2,Up
sneaker,2,Up
shoe,2,Up
china,2,Up
nysechn,1,Up
cross,11,Up
moving,18,Up
average,19,Up
whats,3,Up
hendershot,1,Up
costco,1,Up
wholesale,1,Up
nasdaqcost,1,Up
gravity,2,Up
self,6,Up
reported,6,Up
cap,5,Up
achieves,5,Up
grin,2,Up
capitalization,4,Up
jst,1,Up
blackstone,1,Up
senior,1,Up
floating,1,Up
rate,1,Up
term,1,Up
nysebsl,1,Up
red,1,Up
robin,1,Up
gourmet,1,Up
burger,1,Up
nasdaqrrgb,1,Up
hundred,7,Up
xplr,1,Up
infrastructure,1,Up
nysexifr,1,Up
vela,1,Up
vlx,1,Up
hour,10,Up
trading,6,Up
volume,11,Up
thousand,6,Up
harvest,1,Up
finance,1,Up
api,2,Up
microbot,1,Up
medical,1,Up
nasdaqmbot,1,Up
pas,5,Up
streamr,2,Up
data,4,Up
hit,7,Up
tellor,1,Up
trb,1,Up
netsol,2,Up
nasdaqntwk,2,Up
luxurious,1,Up
pro,1,Up
token,1,Up
lpnt,1,Up
higher,1,Up
northfield,1,Up
bancorp,1,Up
nasdaqnfbk,1,Up
strattec,1,Up
nasdaqstrt,1,Up
happened,2,Up
venus,1,Up
celo,1,Up
dollar,1,Up
cusd,1,Up
spark,2,Up
zealand,1,Up
otcmktsspkky,1,Up
pancakeswap,1,Up
exchange,5,Up
cake,1,Up
pixelworks,1,Up
nasdaqpxlw,1,Up
hallador,1,Up
nasdaqhnrg,1,Up
liquity,1,Up
lqty,1,Up
bae,1,Up
system,1,Up
otcmktsbaesy,1,Up
rakon,1,Up
rkn,1,Up
anthera,2,Up
pharmaceutical,2,Up
otcmktsanth,2,Up
orbit,1,Up
chain,1,Up
orc,1,Up
quicklogic,2,Up
nasdaqquik,2,Up
metamui,2,Up
mmui,2,Up
rollbit,2,Up
rlb,2,Up
zeon,4,Up
parsiq,2,Up
prq,2,Up
crowdstrike,2,Up
crwd,2,Up
bull,2,Up
theory,2,Up
zvilo,1,Up
working,1,Up
lending,1,Up
capacity,1,Up
fasanara,1,Up
cash,1,Up
ticket,1,Up
winning,1,Up
unitedhealth,1,Up
cooperating,1,Up
desantis,5,Up
conference,1,Up
chief,2,Up
officer,1,Up
bradenton,1,Up
harder,1,Up
stay,1,Up
hydrated,1,Up
age,1,Up
application,1,Up
jobless,1,Up
fall,1,Up
sixth,1,Up
straight,1,Up
historically,1,Up
level,1,Up
union,2,Up
pacific,2,Up
subject,1,Up
quarter,1,Up
billion,1,Up
moncler,1,Up
tariff,2,Up
postpone,1,Up
store,1,Up
opening,1,Up
downturn,1,Up
worsens,1,Up
sydney,1,Up
sweeney,1,Up
eagle,1,Up
soar,1,Up
budget,2,Up
marcus,1,Up
rashford,1,Up
respect,1,Up
man,1,Up
utd,1,Up
explains,1,Up
barcelona,1,Up
loan,1,Up
motive,1,Up
wall,45,Up
street,45,Up
hang,11,Up
near,45,Up
record,45,Up
deluge,11,Up
corporate,11,Up
tumble,34,Up
alphabet,34,Up
seater,1,Up
car,1,Up
lakh,1,Up
contrast,1,Up
alliance,1,Up
entertainment,1,Up
aent,1,Up
peer,1,Up
headtohead,2,Up
survey,2,Up
farmhouse,1,Up
fmhs,1,Up
competitor,2,Up
innova,5,Up
nysearcavti,1,Up
fed,2,Up
visit,2,Up
independence,1,Up
pressure,1,Up
roundview,1,Up
nysehsy,1,Up
nasdaqdaio,1,Up
saitama,2,Up
triumph,1,Up
walt,2,Up
disney,2,Up
nysedis,2,Up
radicle,1,Up
rad,1,Up
taliban,23,Up
committing,23,Up
violation,23,Up
afghan,23,Up
returnees,23,Up
defense,2,Up
innovation,2,Up
unit,1,Up
applied,1,Up
institute,1,Up
cooperative,1,Up
agreement,1,Up
administer,1,Up
onramp,1,Up
hungary,2,Up
hard,1,Up
warm,1,Up
relation,1,Up
magafriendly,1,Up
orban,1,Up
reserve,1,Up
feud,1,Up
chair,1,Up
continues,1,Up
saline,1,Up
quorum,1,Up
approves,1,Up
courthouse,1,Up
repair,1,Up
heraldcitizen,1,Up
omits,1,Up
role,1,Up
immigration,3,Up
foreignborn,1,Up
talent,1,Up
vance,1,Up
confronted,1,Up
bald,1,Up
attending,1,Up
rnc,1,Up
fundraiser,1,Up
panty,1,Up
missing,1,Up
left,1,Up
speechless,1,Up
wearing,1,Up
flake,2,Up
concerned,2,Up
cbs,2,Up
dow,2,Up
jones,1,Up
real,1,Up
estate,1,Up
nysearcarwx,1,Up
hill,7,Up
journey,3,Up
john,2,Up
hancock,1,Up
mortgagebacked,1,Up
nysearcajhmb,1,Up
loomis,1,Up
loimf,1,Up
versus,1,Up
review,1,Up
mtn,1,Up
otcmktsmtnoy,1,Up
pldt,1,Up
nysephi,1,Up
bora,2,Up
nysearcaewj,1,Up
proshares,1,Up
ultrapro,1,Up
nysearcaudow,1,Up
statement,1,Up
urged,1,Up
putin,1,Up
negotiate,1,Up
peace,1,Up
ramp,1,Up
involvement,1,Up
ukraine,1,Up
war,1,Up
act,1,Up
shift,1,Up
civil,1,Up
testing,1,Up
power,1,Up
commission,1,Up
raising,1,Up
concern,1,Up
machina,1,Up
dorsey,1,Up
wright,1,Up
royal,1,Up
caribbean,1,Up
cruise,1,Up
nysercl,1,Up
wechsler,1,Up
asahi,1,Up
shimbun,1,Up
attacking,1,Up
iran,1,Up
nuclear,1,Up
facility,2,Up
summary,3,Up
aligned,1,Up
center,1,Up
ohio,1,Up
megascale,1,Up
campus,1,Up
leftist,1,Up
political,1,Up
great,1,Up
britain,1,Up
break,1,Up
labour,1,Up
emerson,1,Up
electric,1,Up
nyseemr,1,Up
brokerage,1,Up
northern,2,Up
trim,2,Up
diamond,6,Up
fidelity,1,Up
information,1,Up
nysefis,1,Up
coinbase,1,Up
nasdaqcoin,1,Up
ninepoint,2,Up
lewis,1,Up
light,1,Up
hearted,1,Up
response,1,Up
propaganda,1,Up
sun,1,Up
eqt,1,Up
nyseeqt,1,Up
zacks,1,Up
issue,1,Up
pessimistic,1,Up
forecast,1,Up
pru,1,Up
sap,1,Up
nysesap,1,Up
seaport,1,Up
ptn,1,Up
expects,1,Up
stronger,1,Up
morgan,1,Up
stanley,1,Up
nyseunp,1,Up
becton,1,Up
dickinson,1,Up
nysebdx,1,Up
metlife,1,Up
nysemet,1,Up
freeportmcmoran,1,Up
nysefcx,1,Up
phillip,1,Up
likely,1,Up
believe,1,Up
ghost,1,Up
ban,1,Up
rap,1,Up
kneecap,1,Up
country,1,Up
measuring,1,Up
russell,1,Up
multifactor,1,Up
batsomfl,1,Up
usa,1,Up
min,1,Up
vol,1,Up
factor,1,Up
batsusmv,1,Up
opinion,1,Up
boardman,1,Up
morrow,1,Up
county,1,Up
lawsuit,1,Up
community,1,Up
meghan,1,Up
mccain,1,Up
cnns,1,Up
kaitlan,1,Up
collins,1,Up
hack,1,Up
imbecile,1,Up
demand,1,Up
stripped,1,Up
credential,1,Up
adam,1,Up
seek,1,Up
inspection,1,Up
manhattan,1,Up
crackdown,1,Up
barack,1,Up
dems,1,Up
appreciate,1,Up
nbc,1,Up
framing,1,Up
tulsi,1,Up
gabbards,1,Up
unprecedented,1,Up
stand,1,Up
alina,1,Up
habba,1,Up
doj,1,Up
clash,1,Up
replacement,1,Up
michael,1,Up
whatley,1,Up
enter,1,Up
blockbuster,1,Up
senate,1,Up
lara,1,Up
republican,4,Up
split,4,Up
casey,4,Up
byron,4,Up
donalds,4,Up
poll,4,Up
fantastic,1,Up
rural,1,Up
alberta,2,Up
riding,1,Up
ahead,1,Up
august,1,Up
byelection,1,Up
extension,1,Down
nature,1,Down
recharge,1,Down
carlisles,1,Down
csl,1,Down
dividend,15,Down
history,3,Down
steady,3,Down
increase,21,Down
undertheradar,1,Down
name,1,Down
palantir,2,Down
join,8,Down
list,1,Down
valuable,1,Down
doubling,1,Down
boston,3,Down
beer,1,Down
post,7,Down
betterthanexpected,1,Down
earnings,47,Down
scholastic,1,Down
decker,1,Down
outdoor,1,Down
saia,1,Down
moving,1,Down
higher,5,Down
friday,2,Down
strategy,2,Down
upsizes,1,Down
million,74,Down
ipo,1,Down
billion,8,Down
buying,1,Down
bitcoin,3,Down
comfort,1,Down
system,7,Down
lead,1,Down
cap,20,Down
mover,2,Down
partying,1,Down
hangover,1,Down
ahead,4,Down
deutsche,4,Down
old,4,Down
republic,2,Down
revenue,4,Down
jump,6,Down
percent,1,Down
super,1,Down
micro,3,Down
computer,1,Down
unusual,1,Down
volume,8,Down
catalyst,2,Down
microsoft,3,Down
spend,1,Down
human,2,Down
waste,3,Down
purchase,38,Down
indivisible,2,Down
yolo,4,Down
divest,2,Down
musk,2,Down
cosponsor,2,Down
meta,1,Down
stop,1,Down
serving,1,Down
political,1,Down
october,1,Down
prospect,1,Down
financial,26,Down
vanguard,13,Down
total,5,Down
international,63,Down
bond,17,Down
nasdaqbndx,2,Down
trump,60,Down
put,1,Down
odds,1,Down
trade,12,Down
deal,11,Down
august,2,Down
deadline,2,Down
loom,4,Down
invested,1,Down
insight,1,Down
enterprise,2,Down
ago,2,Down
worth,3,Down
round,3,Down
survive,3,Down
hurricane,2,Down
energy,16,Down
drink,2,Down
entrance,1,Down
positive,1,Down
kick,1,Down
liquid,1,Down
death,1,Down
refiner,1,Down
rethink,1,Down
crude,2,Down
sourcing,1,Down
chevron,3,Down
venezuela,2,Down
green,1,Down
light,1,Down
ohio,1,Down
unemployment,1,Down
rate,2,Down
among,1,Down
worst,2,Down
infant,1,Down
formula,1,Down
size,1,Down
expected,9,Down
reach,7,Down
usd,1,Down
driven,1,Down
strong,5,Down
growth,9,Down
india,2,Down
germany,1,Down
united,3,Down
inventhelp,1,Down
inventor,1,Down
develop,1,Down
emergency,1,Down
vehicle,2,Down
alert,1,Down
feature,1,Down
los,1,Down
best,8,Down
smartphone,1,Down
amazon,1,Down
price,20,Down
buy,37,Down
msft,2,Down
defensive,2,Down
mge,2,Down
mgee,2,Down
paramount,2,Down
hundred,2,Down
job,4,Down
cut,22,Down
skydance,1,Down
merger,4,Down
completed,1,Down
variety,1,Down
ivyrock,1,Down
asset,35,Down
ltd,89,Down
take,8,Down
advanced,2,Down
device,3,Down
nasdaqamd,2,Down
full,3,Down
truck,1,Down
alliance,1,Down
sponsored,2,Down
adr,2,Down
nyseymm,1,Down
blue,2,Down
creek,1,Down
ltds,2,Down
largest,6,Down
connectivity,1,Down
nysetel,1,Down
release,12,Down
guidance,3,Down
baillie,6,Down
gifford,6,Down
decrease,12,Down
dexcom,2,Down
nasdaqdxcm,2,Down
white,2,Down
planning,2,Down
ishares,31,Down
national,8,Down
muni,1,Down
nysearcamub,1,Down
drive,4,Down
wealth,41,Down
spdr,6,Down
blackstone,5,Down
senior,5,Down
loan,3,Down
nysearcasrln,2,Down
longbow,1,Down
finance,10,Down
paccar,1,Down
nasdaqpcar,1,Down
gold,8,Down
trust,15,Down
nysearcaiau,1,Down
equitable,3,Down
firetrail,1,Down
investment,53,Down
pty,1,Down
marinemax,1,Down
nysehzo,1,Down
acquired,19,Down
private,4,Down
sell,64,Down
sea,1,Down
limited,12,Down
nysese,1,Down
wixcom,1,Down
nasdaqwix,1,Down
freeportmcmoran,1,Down
nysefcx,1,Down
beat,1,Down
expectation,1,Down
eps,3,Down
workday,2,Down
nasdaqwday,2,Down
sending,2,Down
houston,1,Down
theyre,2,Down
coming,1,Down
analyst,7,Down
boost,24,Down
forecast,2,Down
technipfmc,2,Down
following,3,Down
upbeat,1,Down
wheres,1,Down
relief,1,Down
tariff,16,Down
affect,1,Down
holiday,1,Down
shopping,1,Down
seen,2,Down
soaring,2,Down
eye,4,Down
entry,2,Down
production,3,Down
ramp,2,Down
thompson,1,Down
thrift,1,Down
donates,1,Down
isu,1,Down
commits,1,Down
paid,1,Down
internship,1,Down
intel,5,Down
spending,2,Down
workforce,2,Down
struggling,2,Down
chip,4,Down
maker,5,Down
mount,2,Down
comeback,2,Down
navellier,2,Down
associate,5,Down
phillips,1,Down
nysepsx,1,Down
shorehaven,4,Down
partner,19,Down
core,6,Down
nysearcadgro,2,Down
benedict,3,Down
advisor,74,Down
invests,5,Down
truist,1,Down
corporation,62,Down
nysetfc,1,Down
msci,11,Down
eafe,5,Down
nysearcaefa,4,Down
cme,1,Down
nasdaqcme,1,Down
syntax,1,Down
research,3,Down
acquires,24,Down
alphabet,11,Down
nasdaqgoog,11,Down
usa,4,Down
min,1,Down
vol,1,Down
factor,4,Down
batsusmv,1,Down
dollar,2,Down
general,5,Down
nysedg,1,Down
flowserve,1,Down
nysefls,1,Down
assetmark,8,Down
portfolio,2,Down
term,3,Down
treasury,5,Down
nysearcasptl,1,Down
trim,10,Down
batsefg,1,Down
chance,1,Down
score,1,Down
walmarts,1,Down
bestselling,1,Down
vacuum,1,Down
brady,2,Down
brc,2,Down
simple,2,Down
answer,1,Down
lower,15,Down
grid,1,Down
resiliency,1,Down
program,1,Down
grant,3,Down
awarded,1,Down
area,28,Down
power,3,Down
district,1,Down
scotland,2,Down
offshore,2,Down
consent,1,Down
salamander,1,Down
wind,1,Down
admin,1,Down
appeal,2,Down
supreme,1,Down
allow,28,Down
researchfunding,1,Down
johnson,9,Down
fistel,4,Down
begin,28,Down
investigation,3,Down
behalf,2,Down
rxo,4,Down
shareholder,2,Down
incurred,2,Down
rpg,1,Down
fun,1,Down
llcs,4,Down
patented,1,Down
aipowered,1,Down
justintime,1,Down
video,4,Down
game,4,Down
world,1,Down
generation,1,Down
technology,15,Down
oil,2,Down
resume,1,Down
santa,1,Down
ynez,1,Down
unit,1,Down
decadelong,1,Down
shutdown,1,Down
major,4,Down
california,1,Down
spill,1,Down
real,6,Down
estate,6,Down
nysearcavnq,1,Down
avantax,9,Down
advisory,19,Down
service,17,Down
reduces,16,Down
nysearcaiyw,1,Down
brookwood,1,Down
metlife,3,Down
nysemet,3,Down
quality,2,Down
batsqual,2,Down
ecolab,3,Down
nyseecl,3,Down
decreased,1,Down
ftse,2,Down
developed,1,Down
nysearcavea,1,Down
amgen,1,Down
nasdaqamgn,1,Down
jpmorgan,6,Down
equity,7,Down
premium,2,Down
income,7,Down
nysearcajepi,2,Down
marvel,2,Down
stake,38,Down
corning,4,Down
incorporated,19,Down
nyseglw,3,Down
crown,1,Down
castle,1,Down
nysecci,1,Down
trimmed,4,Down
john,2,Down
ullman,1,Down
wayfair,1,Down
nysew,1,Down
bitget,1,Down
wallet,1,Down
malaysia,1,Down
blockchain,1,Down
web,1,Down
gain,1,Down
ground,1,Down
multicultural,1,Down
prep,1,Down
latest,2,Down
countermeasure,1,Down
irdai,1,Down
fine,1,Down
star,2,Down
health,3,Down
insurance,1,Down
cybersecurity,1,Down
lapse,1,Down
float,1,Down
rebate,1,Down
consumer,1,Down
challenge,14,Down
expert,3,Down
sec,2,Down
decline,2,Down
confirm,1,Down
climate,7,Down
disclosure,2,Down
rule,1,Down
upheld,1,Down
survives,1,Down
litigation,1,Down
fast,1,Down
chain,4,Down
mcdonalds,1,Down
faceoff,1,Down
war,4,Down
commerce,2,Down
bancshares,2,Down
cbsh,2,Down
bank,14,Down
raising,2,Down
xrp,1,Down
fall,3,Down
cryptos,1,Down
heading,1,Down
next,3,Down
barrons,2,Down
cotton,2,Down
trending,2,Down
visa,2,Down
nysev,2,Down
lessened,2,Down
anb,1,Down
fidelity,1,Down
nysearcafbnd,1,Down
reduced,3,Down
usadvisors,2,Down
acwi,1,Down
nasdaqacwi,1,Down
quantumscape,1,Down
plunging,1,Down
good,4,Down
investor,3,Down
eswatini,1,Down
making,6,Down
uturn,6,Down
intersection,6,Down
legal,6,Down
nothing,1,Down
guy,2,Down
scramble,1,Down
deny,1,Down
epstein,10,Down
friendship,1,Down
aboutface,2,Down
sjpd,2,Down
restores,2,Down
police,3,Down
shooting,2,Down
access,2,Down
internal,2,Down
affair,2,Down
innovative,36,Down
approach,36,Down
protecting,36,Down
domestic,36,Down
violence,36,Down
survivor,36,Down
maga,3,Down
senator,1,Down
hit,13,Down
brutal,1,Down
factcheck,1,Down
wild,1,Down
claim,3,Down
detention,9,Down
continue,1,Down
lawsuit,1,Down
sanctuary,1,Down
young,1,Down
woman,2,Down
across,1,Down
illinois,2,Down
invited,1,Down
compete,1,Down
decatur,1,Down
pageant,1,Down
finding,9,Down
faith,3,Down
feeling,4,Down
spirit,3,Down
recording,3,Down
studio,3,Down
endorses,1,Down
gruters,1,Down
gop,11,Down
deportation,42,Down
flight,45,Down
florida,42,Down
alligator,42,Down
alcatraz,42,Down
center,9,Down
begun,42,Down
desantis,42,Down
gov,34,Down
working,2,Down
family,3,Down
suffer,2,Down
federal,4,Down
perkins,15,Down
butterfly,2,Down
network,7,Down
nysebfly,2,Down
vericel,2,Down
nasdaqvcel,2,Down
horan,16,Down
schwab,3,Down
smallcap,4,Down
nysearcaschc,1,Down
genuine,1,Down
part,7,Down
nysegpc,1,Down
domino,2,Down
pizza,2,Down
nasdaqdpz,1,Down
tool,2,Down
work,4,Down
nyseitw,1,Down
mill,3,Down
nysegis,3,Down
costco,1,Down
wholesale,1,Down
nasdaqcost,1,Down
magnite,1,Down
nasdaqmgni,1,Down
victoryshares,3,Down
intermediate,2,Down
nasdaquitb,1,Down
tactile,1,Down
nasdaqtcmd,1,Down
trane,1,Down
plc,18,Down
nysett,1,Down
fundamental,1,Down
small,3,Down
nysearcafnda,1,Down
donaldson,1,Down
nysedci,1,Down
atricure,1,Down
nasdaqatrc,1,Down
seneschal,6,Down
intermediateterm,2,Down
nysearcabiv,1,Down
celcuity,1,Down
nasdaqcelc,1,Down
grows,41,Down
village,1,Down
nasdaqvff,1,Down
eplus,1,Down
nasdaqplus,1,Down
nysearcaijr,1,Down
pfizer,4,Down
nysepfe,4,Down
codexis,2,Down
nasdaqcdxs,2,Down
fiserv,1,Down
nysefi,1,Down
shortterm,3,Down
nasdaqustb,2,Down
asml,2,Down
china,4,Down
risk,2,Down
leadingedge,2,Down
exposure,2,Down
outperformance,2,Down
tcw,36,Down
intercontinental,3,Down
exchange,8,Down
nyseice,3,Down
scientific,3,Down
nysebsx,2,Down
ameriprise,1,Down
nyseamp,1,Down
york,3,Down
mellon,3,Down
nysebk,1,Down
purchased,11,Down
emerging,3,Down
nysearcaeem,1,Down
caterpillar,2,Down
nysecat,2,Down
raise,13,Down
control,3,Down
nysejci,3,Down
fargo,1,Down
nysewfc,1,Down
raised,2,Down
arista,2,Down
nyseanet,2,Down
healthcare,5,Down
nasdaqgehc,2,Down
connection,2,Down
nysewcn,1,Down
jones,1,Down
lang,1,Down
lasalle,1,Down
nysejll,1,Down
abbvie,2,Down
nyseabbv,2,Down
baker,1,Down
hughes,1,Down
nasdaqbkr,1,Down
salesforce,4,Down
nysecrm,4,Down
dimensional,5,Down
nysearcadfar,1,Down
nysearcaslnz,1,Down
simon,1,Down
property,3,Down
nysespg,1,Down
cheap,1,Down
travel,1,Down
according,2,Down
hoka,2,Down
ugg,2,Down
warns,3,Down
rising,2,Down
amid,4,Down
pressure,2,Down
netapp,1,Down
nasdaqntap,1,Down
motorola,2,Down
solution,3,Down
nysemsi,2,Down
midcap,3,Down
nysearcaijh,1,Down
tapestry,1,Down
nysetpr,1,Down
vistra,2,Down
corp,8,Down
nysevst,2,Down
nasdaqmbb,2,Down
adviser,2,Down
seagate,2,Down
nasdaqstx,2,Down
dick,1,Down
sporting,1,Down
nysedks,1,Down
cyberark,1,Down
software,1,Down
nasdaqcybr,1,Down
kkr,1,Down
nysekkr,1,Down
dolphin,1,Down
rework,1,Down
minkah,1,Down
fitzpatricks,1,Down
add,1,Down
guarantee,1,Down
space,3,Down
greenpoint,1,Down
business,3,Down
rally,1,Down
look,8,Down
local,5,Down
campaign,1,Down
train,1,Down
closure,1,Down
sam,3,Down
altman,1,Down
cause,1,Down
massive,3,Down
fraud,1,Down
crisis,1,Down
anyone,2,Down
perfectly,1,Down
imitate,1,Down
else,1,Down
futurism,1,Down
nemes,2,Down
rush,2,Down
exxon,1,Down
mobil,1,Down
nysexom,1,Down
lharris,1,Down
nyselhx,1,Down
bet,1,Down
bonus,2,Down
code,1,Down
sunday,1,Down
mlb,1,Down
meme,2,Down
coin,2,Down
beta,1,Down
dropped,1,Down
addictive,1,Down
arcade,1,Down
walmart,2,Down
selling,1,Down
lightweight,1,Down
openear,1,Down
headphone,1,Down
shopper,6,Down
awesome,1,Down
nysersg,1,Down
intuit,4,Down
nasdaqintu,4,Down
mondelez,1,Down
nasdaqmdlz,1,Down
invesco,5,Down
low,3,Down
volatility,1,Down
nysearcasplv,1,Down
verizon,1,Down
communication,1,Down
nysevz,1,Down
fedex,2,Down
nysefdx,2,Down
sherwinwilliams,2,Down
nyseshw,2,Down
american,15,Down
tower,5,Down
nyseamt,3,Down
oreilly,1,Down
automotive,1,Down
nasdaqorly,1,Down
increased,5,Down
hint,1,Down
reduce,2,Down
footprint,1,Down
hpe,2,Down
goldman,4,Down
sachs,4,Down
weighs,3,Down
nikko,14,Down
america,18,Down
steel,1,Down
dynamic,2,Down
nasdaqstld,1,Down
datadog,5,Down
nasdaqddog,5,Down
globalt,12,Down
nysearcatlh,1,Down
bulletshares,1,Down
corporate,6,Down
nasdaqbscq,1,Down
nasdaqmass,1,Down
liberty,2,Down
nyselbrt,1,Down
oceaneering,1,Down
nyseoii,1,Down
nysearcaiyr,1,Down
high,5,Down
yield,2,Down
nysearcashyg,1,Down
ross,1,Down
store,2,Down
nasdaqrost,1,Down
intuitive,1,Down
machine,1,Down
nasdaqlunr,1,Down
kbw,1,Down
nasdaqkbwb,1,Down
nysebp,1,Down
keurig,1,Down
pepper,1,Down
nasdaqkdp,1,Down
nasdaqvcsh,1,Down
man,3,Down
arrested,3,Down
allegedly,2,Down
trespassed,2,Down
minnesota,3,Down
capitol,2,Down
naked,2,Down
nasdaq,1,Down
nasdaqqqqm,1,Down
global,11,Down
nysespgi,1,Down
nysearcadfas,1,Down
desk,1,Down
nasdaqttd,1,Down
flex,1,Down
nasdaqflex,1,Down
meet,3,Down
possible,1,Down
marvell,1,Down
nasdaqmrvl,1,Down
vertiv,1,Down
nysevrt,1,Down
nysebx,3,Down
sen,14,Down
graham,2,Down
calling,1,Down
prosecution,1,Down
obama,2,Down
doe,1,Down
interview,1,Down
worker,2,Down
beyond,1,Down
rubio,1,Down
rip,1,Down
maduro,1,Down
narcoterrorist,1,Down
threatening,1,Down
disputed,1,Down
election,2,Down
opinion,15,Down
project,2,Down
dominion,2,Down
freight,1,Down
line,1,Down
nasdaqodfl,1,Down
transdigm,1,Down
nysetdg,1,Down
bought,13,Down
threat,1,Down
useu,1,Down
european,2,Down
plan,2,Down
elli,1,Down
county,3,Down
review,4,Down
hart,1,Down
replat,1,Down
proposal,2,Down
public,2,Down
meeting,2,Down
scheduled,1,Down
waxahachie,1,Down
tom,1,Down
kean,1,Down
bill,5,Down
vote,2,Down
hurt,1,Down
father,1,Down
legacy,1,Down
summary,1,Down
personalis,1,Down
nasdaqpsnl,1,Down
israel,29,Down
pause,27,Down
fighting,27,Down
gaza,51,Down
minimal,26,Down
aid,28,Down
hunger,26,Down
coterra,1,Down
nysectra,1,Down
teck,1,Down
resource,3,Down
nyseteck,1,Down
suncor,1,Down
nysesu,1,Down
achiever,1,Down
nasdaqpid,1,Down
canadian,7,Down
natural,2,Down
nysecnq,2,Down
freshpet,1,Down
nasdaqfrpt,1,Down
nysecvx,2,Down
carrier,1,Down
nysecarr,1,Down
aramark,1,Down
alleges,1,Down
inappropriate,1,Down
unacceptable,1,Down
conduct,1,Down
picketers,1,Down
fenway,1,Down
park,1,Down
mexican,1,Down
tomato,1,Down
exporter,1,Down
affected,1,Down
advance,1,Down
chinaus,1,Down
tie,2,Down
sincerity,1,Down
principle,1,Down
attack,1,Down
east,1,Down
congo,1,Down
church,1,Down
islamic,2,Down
statebacked,1,Down
rebel,1,Down
kill,3,Down
least,2,Down
civil,1,Down
zohran,1,Down
mamdanis,1,Down
platform,1,Down
destroy,1,Down
yorkers,1,Down
happiness,2,Down
counterfeit,1,Down
successful,1,Down
town,1,Down
mayor,1,Down
paranoid,1,Down
pete,2,Down
hegseth,1,Down
ordered,1,Down
quit,1,Down
polygraphing,1,Down
pentagon,1,Down
staffer,1,Down
bipartisan,2,Down
duo,1,Down
pushing,2,Down
file,3,Down
disagrees,1,Down
ghislaine,1,Down
maxwell,4,Down
pardon,1,Down
antitrump,1,Down
russiagate,1,Down
plot,1,Down
tulsi,1,Down
gabbard,2,Down
unravel,1,Down
school,1,Down
must,1,Down
classroom,1,Down
sane,1,Down
ditch,1,Down
restorative,1,Down
justice,5,Down
aaron,1,Down
rodgers,1,Down
terry,1,Down
bradshaw,1,Down
steelers,1,Down
legend,1,Down
signing,1,Down
joke,1,Down
rep,1,Down
yearold,1,Down
son,1,Down
cited,1,Down
alleged,1,Down
child,2,Down
abuse,2,Down
independent,1,Down
voter,1,Down
closed,1,Down
primary,2,Down
slain,1,Down
west,2,Down
lose,1,Down
wisconsin,1,Down
antigo,1,Down
oconto,1,Down
rhinelander,1,Down
receive,1,Down
urban,1,Down
forestry,1,Down
storm,1,Down
recovery,1,Down
doge,1,Down
built,1,Down
slash,1,Down
regulation,1,Down
newmont,1,Down
nysenem,1,Down
rio,1,Down
tinto,1,Down
nyserio,1,Down
applied,6,Down
midstream,1,Down
nysedtm,1,Down
nasdaqshy,1,Down
birkenstock,1,Down
nysebirk,1,Down
linde,1,Down
nasdaqlin,1,Down
interpublic,1,Down
nyseipg,1,Down
ball,1,Down
nyseball,1,Down
broadband,1,Down
nasdaqlbrda,1,Down
kentucky,1,Down
senate,3,Down
candidate,1,Down
nate,1,Down
morris,1,Down
declares,2,Down
amnesty,1,Down
illegals,1,Down
treason,1,Down
nasdaqvcit,1,Down
kovack,1,Down
vaneck,3,Down
uranium,1,Down
nuclear,1,Down
nysearcanlr,1,Down
carnegie,1,Down
counsel,3,Down
face,1,Down
nation,1,Down
democrat,23,Down
grave,1,Down
concern,1,Down
support,5,Down
ghf,1,Down
effort,22,Down
amcor,2,Down
nyseamcr,2,Down
versus,3,Down
greif,1,Down
bros,2,Down
nysegefb,1,Down
critical,2,Down
contrast,1,Down
nextera,1,Down
nysenee,1,Down
cardinal,1,Down
nysecah,1,Down
nysecof,5,Down
peacemaker,1,Down
bomber,1,Down
ever,2,Down
tim,1,Down
walzs,1,Down
fundraising,1,Down
text,1,Down
prof,2,Down
warped,1,Down
idea,1,Down
screenshot,1,Down
swipe,1,Down
obamas,1,Down
response,1,Down
conspiracy,2,Down
creating,1,Down
realistic,1,Down
deepfakes,1,Down
getting,1,Down
easier,1,Down
hudson,1,Down
hdsn,1,Down
announce,9,Down
wednesday,8,Down
clearwater,4,Down
paper,1,Down
clw,1,Down
quarterly,11,Down
tuesday,10,Down
managed,1,Down
loncmpi,1,Down
announces,5,Down
mediolanum,45,Down
fund,64,Down
hca,1,Down
nysehca,1,Down
wti,1,Down
projected,4,Down
monday,9,Down
trex,2,Down
axon,2,Down
energizer,1,Down
enr,1,Down
dover,1,Down
nysedov,1,Down
anderson,1,Down
ande,1,Down
tigo,1,Down
tygo,1,Down
bankshares,1,Down
cfbk,1,Down
ashland,1,Down
ash,1,Down
superconductor,2,Down
amsc,2,Down
bruker,2,Down
brkr,2,Down
williams,2,Down
nysewmb,2,Down
clarivate,1,Down
clvt,1,Down
science,2,Down
lonsag,1,Down
dividendyielding,1,Down
outperform,2,Down
fed,3,Down
spark,1,Down
inflow,1,Down
pick,2,Down
wall,3,Down
street,4,Down
accurate,1,Down
rise,3,Down
euus,1,Down
fintech,1,Down
middleman,1,Down
plaid,1,Down
massively,1,Down
taxing,1,Down
unnecessary,1,Down
ping,1,Down
bernstein,1,Down
upgrade,2,Down
charter,1,Down
recovering,1,Down
financials,1,Down
predicts,2,Down
upside,1,Down
bitmine,1,Down
immersion,1,Down
bmnr,1,Down
presentation,1,Down
launch,2,Down
chairman,1,Down
message,2,Down
series,2,Down
lawrence,1,Down
councilors,1,Down
embattled,1,Down
arthur,1,Down
demoulas,1,Down
data,3,Down
patient,1,Down
appetite,1,Down
counter,1,Down
supply,2,Down
shift,4,Down
asia,2,Down
mexico,2,Down
wood,1,Down
lonwg,1,Down
receives,2,Down
rating,4,Down
peel,1,Down
hunt,1,Down
stellar,1,Down
xlm,1,Down
hour,4,Down
origintrail,1,Down
trac,1,Down
ssvnetwork,1,Down
ssv,1,Down
trading,9,Down
tether,1,Down
usdt,1,Down
achieves,4,Down
capitalization,4,Down
marshall,6,Down
lonmslh,1,Down
aktiengesellschaft,3,Down
zebec,1,Down
zbcn,1,Down
magic,2,Down
rekt,2,Down
rektcoincom,1,Down
ontology,1,Down
ont,1,Down
slt,3,Down
thousand,4,Down
locus,2,Down
quilter,1,Down
lonqlt,1,Down
upgraded,1,Down
ribbon,1,Down
rbn,1,Down
aergo,2,Down
wrapped,1,Down
eeth,1,Down
weeth,1,Down
platinx,1,Down
ptx,1,Down
self,5,Down
reported,5,Down
smooth,1,Down
love,1,Down
potion,1,Down
slp,1,Down
egl,2,Down
doggotothemoon,1,Down
dog,1,Down
nkn,2,Down
eliza,2,Down
elizawakesup,1,Down
pzeth,2,Down
dao,2,Down
joe,2,Down
samsungtesla,1,Down
signal,2,Down
foundry,1,Down
revive,1,Down
highyield,1,Down
bluechip,1,Down
pharmaceutical,5,Down
giant,1,Down
offer,2,Down
potential,1,Down
target,2,Down
nysetgt,2,Down
royalty,2,Down
pharma,1,Down
nasdaqrprx,1,Down
nutrien,1,Down
nysentr,1,Down
neurocrine,1,Down
bioscience,1,Down
nasdaqnbix,1,Down
royal,2,Down
canada,2,Down
nysery,1,Down
enbridge,1,Down
nyseenb,1,Down
ulta,1,Down
beauty,1,Down
nasdaqulta,1,Down
booz,2,Down
allen,2,Down
hamilton,2,Down
nysebah,2,Down
prudential,2,Down
nysepru,1,Down
insulet,1,Down
nasdaqpodd,1,Down
nysegs,2,Down
fastenal,1,Down
nasdaqfast,1,Down
nysedb,1,Down
atlassian,1,Down
nasdaqteam,1,Down
nasdaqintc,1,Down
nice,2,Down
nasdaqnice,1,Down
logitech,2,Down
nasdaqlogi,2,Down
cdw,1,Down
nasdaqcdw,1,Down
principal,2,Down
nysepfg,2,Down
agnico,1,Down
eagle,4,Down
mine,1,Down
nyseaem,1,Down
ferrari,2,Down
nyserace,2,Down
cgi,1,Down
nysegib,1,Down
stellantis,1,Down
nysestla,1,Down
cadence,1,Down
design,1,Down
nasdaqcdns,1,Down
nysegd,1,Down
mobile,1,Down
revolution,1,Down
slot,1,Down
development,2,Down
soft,1,Down
seek,1,Down
quick,1,Down
deposition,1,Down
rupert,1,Down
murdoch,1,Down
jeffrey,1,Down
defamation,1,Down
saudi,1,Down
arabia,1,Down
september,1,Down
hike,1,Down
brennan,2,Down
promotes,2,Down
dan,2,Down
smith,2,Down
vice,2,Down
president,2,Down
exclusive,1,Down
dentsu,1,Down
ceo,1,Down
leah,1,Down
meranus,1,Down
exit,1,Down
intercept,4,Down
hong,4,Down
kong,4,Down
pool,1,Down
nasdaqpool,1,Down
manhwa,1,Down
solo,1,Down
leveling,1,Down
cheniere,1,Down
nyselng,1,Down
lifted,3,Down
skandinaviska,27,Down
enskilda,27,Down
banken,27,Down
publ,28,Down
lpl,1,Down
nasdaqlpla,1,Down
builder,1,Down
firstsource,1,Down
nysebldr,1,Down
lifestyle,1,Down
nyseels,1,Down
ppg,1,Down
industry,4,Down
nyseppg,1,Down
kinross,1,Down
nysekgc,1,Down
archer,1,Down
daniel,1,Down
midland,1,Down
nyseadm,1,Down
rockwell,1,Down
automation,1,Down
nyserok,1,Down
toronto,1,Down
nysetd,1,Down
albertsons,1,Down
nyseaci,1,Down
ichor,1,Down
ichr,1,Down
apollo,1,Down
commercial,2,Down
ari,1,Down
rtc,1,Down
lonrtc,1,Down
issue,4,Down
amphenol,1,Down
nyseaph,1,Down
georgia,12,Down
republican,4,Down
mike,13,Down
collins,12,Down
field,12,Down
seeking,3,Down
democratic,12,Down
jon,12,Down
ossoff,12,Down
btg,1,Down
dora,2,Down
factory,1,Down
cosmos,1,Down
atom,1,Down
cookie,2,Down
tokenbot,1,Down
clanker,1,Down
secondterm,9,Down
congressman,9,Down
joining,9,Down
nysetrp,1,Down
molina,1,Down
nysemoh,1,Down
railway,4,Down
nysecni,4,Down
disarray,1,Down
aussie,1,Down
christian,2,Down
doctor,1,Down
license,1,Down
revoked,1,Down
conservative,1,Down
social,2,Down
medium,5,Down
walt,1,Down
disney,1,Down
nysedis,1,Down
markel,1,Down
nysemkl,1,Down
nysebby,3,Down
nucor,1,Down
nysenue,1,Down
darden,1,Down
restaurant,1,Down
nysedri,1,Down
broadridge,1,Down
nysebr,1,Down
microchip,1,Down
nasdaqmchp,1,Down
nasdaqarcc,2,Down
warner,1,Down
discovery,1,Down
nasdaqwbd,1,Down
comparing,2,Down
payment,1,Down
otcmktsgptx,1,Down
nyseats,1,Down
leading,1,Down
israeli,1,Down
accuses,1,Down
genocide,1,Down
nih,1,Down
budget,1,Down
setback,1,Down
penumbra,1,Down
nysepen,1,Down
reinsurance,1,Down
nyserga,1,Down
extra,1,Down
storage,1,Down
nyseexr,1,Down
head,5,Down
comparison,1,Down
chesapeake,1,Down
granite,1,Down
wash,1,Down
otcmktschkr,1,Down
prudhoe,1,Down
bay,1,Down
nysebpt,1,Down
innoviva,1,Down
nasdaqinva,1,Down
roche,1,Down
otcmktsrhhby,1,Down
headtohead,1,Down
analysis,1,Down
biogen,5,Down
nasdaqbiib,5,Down
contrasting,2,Down
lowes,2,Down
nyselow,2,Down
haverty,1,Down
furniture,1,Down
nysehvta,1,Down
airline,2,Down
nasdaqual,1,Down
doc,1,Down
attempt,1,Down
wriggle,1,Down
thailand,5,Down
cambodia,5,Down
agree,1,Down
ceasefire,2,Down
deadly,1,Down
clash,1,Down
garden,2,Down
hero,1,Down
tourist,1,Down
trap,1,Down
homeowner,2,Down
met,1,Down
warning,2,Down
sharing,1,Down
photo,4,Down
mystery,1,Down
front,1,Down
yard,1,Down
westamerica,1,Down
bancorporation,1,Down
wabc,1,Down
asxsnl,1,Down
per,2,Down
gryphon,1,Down
interim,1,Down
asxgci,1,Down
lenovo,1,Down
otcmktslnvgf,1,Down
promoted,1,Down
nonsense,1,Down
deserves,2,Down
ironic,1,Down
blowup,1,Down
editorial,3,Down
worried,1,Down
alzheimers,1,Down
start,1,Down
walking,1,Down
study,3,Down
arbitration,1,Down
exceeded,1,Down
authority,1,Down
mypillows,1,Down
lindell,1,Down
crucial,1,Down
remember,1,Down
donald,1,Down
promise,1,Down
sadly,1,Down
donation,1,Down
spike,1,Down
charles,3,Down
executive,1,Down
race,1,Down
reader,1,Down
view,1,Down
stauber,1,Down
signed,1,Down
disrespected,1,Down
rash,1,Down
rural,1,Down
hardest,1,Down
twotime,1,Down
killer,1,Down
targeted,3,Down
calgary,1,Down
sex,1,Down
sentenced,1,Down
forgotten,1,Down
ceosand,1,Down
chief,1,Down
officerexplain,1,Down
transform,1,Down
jcpenney,1,Down
art,1,Down
hub,1,Down
lululemon,1,Down
athletica,1,Down
nasdaqlulu,1,Down
kroger,7,Down
nysekr,7,Down
pacer,11,Down
doordash,1,Down
nasdaqdash,1,Down
express,1,Down
nyseaxp,1,Down
southern,2,Down
nyseso,2,Down
labcorp,1,Down
nyselh,1,Down
carlyle,1,Down
nasdaqcg,1,Down
colgatepalmolive,1,Down
nysecl,1,Down
manhattan,2,Down
nasdaqmanh,1,Down
aon,1,Down
nyseaon,1,Down
rexford,1,Down
industrial,1,Down
realty,3,Down
nyserexr,1,Down
exelon,1,Down
nasdaqexc,1,Down
nyse,1,Down
moment,1,Down
pageantry,1,Down
wakeup,1,Down
call,2,Down
differs,1,Down
netanyahu,1,Down
starvation,22,Down
misleading,1,Down
image,1,Down
gazan,1,Down
falsely,1,Down
accuse,1,Down
mass,1,Down
prime,1,Down
minister,3,Down
reaching,1,Down
month,3,Down
nysearcasgov,2,Down
carscom,1,Down
nysecars,1,Down
cetera,1,Down
morningstar,3,Down
nysearcaimcg,1,Down
imf,1,Down
outlook,7,Down
economy,1,Down
citing,1,Down
lessthanexpected,1,Down
damage,1,Down
fhlb,1,Down
cincinnati,1,Down
quarter,4,Down
breach,1,Down
reveal,1,Down
statement,2,Down
crypto,2,Down
forbes,1,Down
ohdeer,1,Down
expands,1,Down
franchise,1,Down
lone,1,Down
sco,3,Down
paypal,1,Down
nasdaqpypl,1,Down
focus,2,Down
brucke,2,Down
adobe,2,Down
nasdaqadbe,2,Down
banque,9,Down
cantonale,9,Down
vaudoise,9,Down
nysearcavug,1,Down
cbre,1,Down
nysecbre,1,Down
automatic,1,Down
processing,1,Down
nasdaqadp,1,Down
break,3,Down
monthly,1,Down
record,1,Down
collected,1,Down
far,1,Down
aldi,1,Down
career,1,Down
supermarket,1,Down
minimum,1,Down
wage,1,Down
pay,1,Down
apply,1,Down
vacancy,1,Down
tea,1,Down
app,1,Down
turn,1,Down
exposing,1,Down
abortion,1,Down
cheating,1,Down
transom,1,Down
completes,1,Down
acquisition,1,Down
sigmatron,1,Down
due,5,Down
cautious,5,Down
delay,5,Down
investigates,2,Down
fairness,2,Down
proposed,2,Down
sale,6,Down
chart,4,Down
headed,1,Down
earthquake,1,Down
event,1,Down
cant,1,Down
ignore,1,Down
approval,1,Down
needed,1,Down
extend,1,Down
uschina,1,Down
negotiator,1,Down
fox,1,Down
tap,1,Down
bob,1,Down
oneil,1,Down
oversee,1,Down
chicago,1,Down
milwaukee,1,Down
station,1,Down
nvidia,1,Down
set,1,Down
boom,1,Down
picton,5,Down
mahoney,5,Down
sheaff,2,Down
brock,2,Down
pinnacle,4,Down
vertex,4,Down
nasdaqvrtx,4,Down
robinhood,2,Down
nasdaqhood,2,Down
prosperity,5,Down
consulting,5,Down
parkerhannifin,1,Down
nyseph,1,Down
palo,2,Down
alto,1,Down
nasdaqpanw,1,Down
galvin,1,Down
gaustad,1,Down
stein,1,Down
patten,4,Down
successfully,1,Down
workweek,1,Down
researcher,1,Down
studied,1,Down
attendant,1,Down
reject,1,Down
contract,1,Down
immediate,1,Down
predicting,1,Down
apple,1,Down
climb,2,Down
sink,1,Down
nike,1,Down
loses,1,Down
north,1,Down
womens,2,Down
athleta,1,Down
mario,1,Down
paint,1,Down
arrives,1,Down
switch,1,Down
online,1,Down
snes,1,Down
mouse,1,Down
dip,1,Down
tesla,3,Down
nasdaqtsla,3,Down
abbott,3,Down
laboratory,5,Down
nyseabt,3,Down
creekside,1,Down
nysearcavwo,1,Down
fsa,3,Down
electric,2,Down
nasdaqaep,2,Down
renaissance,3,Down
nysearcamdy,1,Down
lag,1,Down
eccta,1,Down
compliance,1,Down
readiness,1,Down
black,5,Down
sox,5,Down
ohtanis,5,Down
interpreter,5,Down
prominent,5,Down
sport,5,Down
betting,5,Down
scandal,5,Down
carestream,1,Down
honored,1,Down
brand,2,Down
harvest,14,Down
qualcomm,3,Down
nasdaqqcom,3,Down
crowdstrike,1,Down
nasdaqcrwd,1,Down
mastercard,3,Down
nysema,3,Down
foundation,9,Down
wide,1,Down
moat,1,Down
batsmoat,1,Down
astrazeneca,2,Down
nasdaqazn,2,Down
meredith,1,Down
nysearcavti,1,Down
booking,3,Down
nasdaqbkng,2,Down
autodesk,1,Down
nasdaqadsk,1,Down
interactive,1,Down
broker,2,Down
nasdaqibkr,1,Down
caribbean,1,Down
lift,1,Down
fullyear,1,Down
cruise,1,Down
merck,1,Down
layoff,1,Down
announcement,1,Down
gardasil,1,Down
drop,2,Down
tidal,1,Down
cyber,1,Down
industryfirst,1,Down
procedure,1,Down
changing,1,Down
threatled,1,Down
defense,1,Down
tax,1,Down
house,2,Down
attention,1,Down
fubo,1,Down
preliminary,1,Down
hulu,1,Down
lincoln,1,Down
educational,1,Down
schedule,1,Down
conference,1,Down
unlikely,1,Down
materialize,1,Down
bancorp,4,Down
maintains,1,Down
consensus,2,Down
boeing,2,Down
strongest,2,Down
six,2,Down
xtx,8,Down
topco,8,Down
marriott,1,Down
nasdaqmar,1,Down
material,1,Down
nasdaqamat,1,Down
nysearcagld,2,Down
strength,1,Down
nasdaqftcs,1,Down
duration,2,Down
opportunity,2,Down
nasdaqlmbs,1,Down
commentary,1,Down
peter,1,Down
fish,1,Down
democracy,1,Down
hostage,1,Down
ransomware,1,Down
deere,1,Down
nysede,1,Down
hhs,1,Down
fda,2,Down
mullin,1,Down
action,1,Down
opioid,1,Down
csx,1,Down
nasdaqcsx,1,Down
epa,7,Down
proposing,6,Down
repeal,6,Down
endangerment,6,Down
nan,1,Down
fung,1,Down
trinity,1,Down
nysejnj,1,Down
colin,1,Down
fleming,1,Down
boundlessness,1,Down
ryne,1,Down
sandberg,1,Down
scottish,13,Down
visit,13,Down
opening,13,Down
golf,13,Down
course,13,Down
clive,1,Down
crook,1,Down
doesnt,2,Down
institute,1,Down
policy,1,Down
host,1,Down
virtual,1,Down
briefing,1,Down
journalist,1,Down
militant,1,Down
slaughter,1,Down
dozen,2,Down
prayer,1,Down
vigil,1,Down
nysearcavoo,1,Down
oneok,1,Down
nyseoke,1,Down
outrage,1,Down
isnt,1,Down
driving,1,Down
recommendation,1,Down
brokerage,1,Down
norden,2,Down
netflix,3,Down
nasdaqnflx,3,Down
cedar,1,Down
flood,1,Down
heavy,1,Down
rain,1,Down
deep,1,Down
martin,1,Down
schram,1,Down
gabbards,1,Down
trove,1,Down
brings,1,Down
clarity,1,Down
mortgagebacked,2,Down
security,2,Down
nasdaqvmbs,1,Down
tctc,5,Down
marathon,1,Down
petroleum,1,Down
nysempc,1,Down
premier,7,Down
manager,5,Down
pacific,2,Down
kansa,1,Down
nysecp,1,Down
meeder,7,Down
chubb,1,Down
nysecb,1,Down
cisco,1,Down
nasdaqcsco,1,Down
union,1,Down
nyseunp,1,Down
judiciary,1,Down
demand,1,Down
probe,1,Down
third,1,Down
bove,2,Down
whistleblower,2,Down
buttigieg,1,Down
dot,1,Down
ignored,1,Down
safety,1,Down
build,1,Down
windmill,1,Down
near,1,Down
highway,1,Down
railroad,1,Down
ultrashort,1,Down
nysearcajpst,1,Down
nisource,1,Down
nyseni,1,Down
nysefti,1,Down
halliburton,1,Down
nysehal,1,Down
canopy,1,Down
pepsico,1,Down
nasdaqpep,1,Down
lioness,1,Down
celebrate,1,Down
uefa,1,Down
championship,1,Down
parade,1,Down
london,1,Down
press,20,Down
largescale,20,Down
address,21,Down
diamondback,1,Down
nasdaqfang,1,Down
investigate,1,Down
gunman,1,Down
note,1,Down
killed,1,Down
brittany,1,Down
pettersens,1,Down
pathetic,1,Down
pity,1,Down
party,1,Down
weaponizing,1,Down
kid,1,Down
clout,1,Down
bathing,1,Down
taxpayer,1,Down
benny,1,Down
thermo,1,Down
fisher,1,Down
nysetmo,1,Down
evp,1,Down
ramirez,1,Down
hershey,6,Down
nysehsy,5,Down
nysearcascha,1,Down
clarendon,1,Down
viawealth,1,Down
geneos,4,Down
reveals,1,Down
detail,1,Down
kirtland,2,Down
hill,2,Down
rollins,1,Down
nyserol,1,Down
appreciation,1,Down
nysearcavig,1,Down
hegseths,1,Down
leaker,1,Down
lie,1,Down
finally,1,Down
bite,1,Down
criminalizing,1,Down
homelessness,2,Down
modern,1,Down
gsa,4,Down
llp,4,Down
jsf,1,Down
unitedhealth,1,Down
nyseunh,1,Down
stryker,1,Down
nysesyk,1,Down
navient,1,Down
snapshot,3,Down
propetro,1,Down
account,1,Down
greater,1,Down
impact,1,Down
inkind,1,Down
creation,1,Down
redemption,1,Down
etps,1,Down
universal,7,Down
beteiligungs,7,Down
und,7,Down
servicegesellschaft,7,Down
mbh,7,Down
essent,1,Down
nyseesnt,1,Down
klp,1,Down
kapitalforvaltning,1,Down
boot,1,Down
barn,1,Down
nyseboot,1,Down
generac,2,Down
nysegnrc,2,Down
cerity,4,Down
piedmont,2,Down
nysepdm,2,Down
nasdaqonb,1,Down
sibanye,1,Down
nysesbsw,1,Down
wise,1,Down
move,1,Down
alta,2,Down
equipment,2,Down
nysealtg,2,Down
honda,1,Down
nysehmc,1,Down
ifp,5,Down
woodward,2,Down
nasdaqwwd,2,Down
aecom,1,Down
nyseacm,1,Down
thornburg,1,Down
analytics,3,Down
nysecwan,3,Down
river,2,Down
nysecrl,2,Down
choreo,4,Down
allianz,7,Down
gmbh,7,Down
jabil,2,Down
nysejbl,2,Down
nasdaqhope,1,Down
victory,4,Down
owen,2,Down
minor,2,Down
nyseomi,2,Down
brixmor,1,Down
nysebrx,1,Down
therapeutic,2,Down
nasdaqtgtx,1,Down
cutler,2,Down
enhanced,2,Down
nysearcajire,2,Down
pentair,1,Down
nysepnr,1,Down
simply,1,Down
nasdaqsmpl,1,Down
novo,4,Down
nordisk,4,Down
weakness,1,Down
wegovy,1,Down
couldve,1,Down
played,1,Down
differently,1,Down
embraced,1,Down
hims,1,Down
wec,1,Down
galaxy,1,Down
open,1,Down
manufacturing,1,Down
facility,1,Down
commercialization,1,Down
changed,1,Down
anika,2,Down
welltower,1,Down
impressive,2,Down
optimistic,3,Down
federated,1,Down
hermes,1,Down
sailpoint,1,Down
sail,1,Down
altocyberark,1,Down
nysenvo,3,Down
natixis,5,Down
ssa,3,Down
swiss,3,Down
monaco,2,Down
quidelortho,2,Down
nasdaqqdel,2,Down
fsb,2,Down
bayforest,1,Down
bloomin,1,Down
nasdaqblmn,1,Down
seizert,2,Down
fiera,4,Down
aegis,1,Down
valley,1,Down
forge,1,Down
consultant,1,Down
adv,1,Down
bristol,2,Down
gate,2,Down
grade,1,Down
nysearcafiig,1,Down
servicenow,2,Down
nysenow,2,Down
bridge,2,Down
tjx,1,Down
nysetjx,1,Down
sofi,2,Down
attributable,1,Down
expand,1,Down
brightstar,1,Down
lottery,1,Down
brsl,1,Down
surge,2,Down
performance,1,Down
glw,1,Down
soar,2,Down
gtls,1,Down
celestica,1,Down
pancreatic,1,Down
cancer,1,Down
phase,1,Down
canfites,1,Down
namodenoson,1,Down
achieved,1,Down
enrollment,1,Down
milestone,1,Down
polaris,1,Down
pii,1,Down
lineup,1,Down
unveiled,1,Down
amkor,1,Down
amkr,1,Down
outfitter,2,Down
nyseaeo,2,Down
wyndham,2,Down
hotel,2,Down
resort,2,Down
nysewh,2,Down
value,2,Down
nysearcadfat,2,Down
cozad,3,Down
zurcher,2,Down
kantonalbank,2,Down
zurich,2,Down
cantonalbank,2,Down
devon,2,Down
nysedvn,2,Down
avient,2,Down
nyseavnt,2,Down
janus,2,Down
henderson,2,Down
nysearcajmbs,1,Down
foster,2,Down
motley,2,Down
ppl,1,Down
nyseppl,1,Down
ralph,2,Down
lauren,2,Down
nyserl,2,Down
landbridge,1,Down
nyselb,1,Down
tpg,1,Down
nasdaqtpg,1,Down
pembina,1,Down
pipeline,1,Down
nysepba,1,Down
roble,2,Down
belko,2,Down
ibonds,1,Down
dec,1,Down
nysearcaibdt,1,Down
hexcel,1,Down
nysehxl,1,Down
darling,1,Down
ingredient,1,Down
nysedar,1,Down
cwm,1,Down
sealed,1,Down
air,1,Down
nysesee,1,Down
shakeup,1,Down
controversial,1,Down
ouster,1,Down
vaccine,1,Down
regulator,1,Down
french,2,Down
condemn,2,Down
excessive,2,Down
force,2,Down
jewish,2,Down
youth,2,Down
removed,2,Down
messenger,1,Down
missouri,1,Down
help,1,Down
veteran,2,Down
ptsd,1,Down
treatment,1,Down
bny,1,Down
infrastructure,2,Down
batsbkgi,1,Down
sovereign,2,Down
letko,1,Down
brosseau,1,Down
shaky,3,Down
truce,3,Down
combat,3,Down
clo,1,Down
nysearcacloi,1,Down
sinclair,1,Down
nysedino,1,Down
jdcom,1,Down
nasdaqjd,1,Down
nasdaqijt,1,Down
yes,1,Down
howard,1,Down
nysewmt,1,Down
northrock,1,Down
great,1,Down
portland,1,Down
otcmktsgpeaf,1,Down
irsa,1,Down
inversiones,1,Down
representaciones,1,Down
nyseirs,1,Down
atlanticus,1,Down
nasdaqatlc,1,Down
moody,1,Down
nysemco,1,Down
nexpoint,1,Down
nysenref,1,Down
angel,1,Down
oak,1,Down
mortgage,1,Down
reit,1,Down
nyseaomr,1,Down
end,1,Down
shedeur,1,Down
sander,1,Down
respect,1,Down
brown,1,Down
showing,1,Down
dualuse,1,Down
tech,1,Down
innovation,1,Down
doubleedged,1,Down
sword,1,Down
harris,1,Down
search,1,Down
better,1,Down
future,1,Down
dieagain,1,Down
gore,1,Down
reacts,1,Down
cutting,1,Down
era,1,Down
regs,1,Down
ratio,1,Down
epic,1,Down
searched,2,Down
wwi,2,Down
gravesite,2,Down
connects,2,Down
soldier,2,Down
died,2,Down
library,1,Down
undermined,1,Down
government,1,Down
tribute,1,Down
community,1,Down
historic,1,Down
broken,1,Down
immigration,1,Down
deport,1,Down
criminal,1,Down
instead,1,Down
upping,1,Down
grocery,1,Down
fiscal,1,Down
irresponsibility,1,Down
reign,1,Down
forsyth,1,Down
legislature,1,Down
ginnie,1,Down
homeless,1,Down
model,1,Down
stats,1,Down
story,1,Down
immigrant,1,Down
deported,1,Down
rabbinic,1,Down
helping,1,Down
free,1,Down
comerica,1,Down
nysecma,1,Down
mediobanca,1,Down
banca,1,Down
credito,1,Down
finanziario,1,Down
spa,1,Down
otcmktsmdiby,1,Down
short,5,Down
interest,5,Down
inflation,1,Down
hedged,1,Down
nysearcahygi,1,Down
significant,1,Down
aac,1,Down
clyde,1,Down
otcaccmf,1,Down
lonpru,1,Down
alkemy,1,Down
lonalk,1,Down
finnair,1,Down
oyj,1,Down
otcmktsfnnnf,1,Down
westmount,1,Down
lonwte,1,Down
londom,1,Down
momentum,1,Down
batsmtum,1,Down
meiji,1,Down
otcmktsmejhy,1,Down
department,3,Down
grand,3,Down
jury,3,Down
heard,3,Down
enforcement,3,Down
witness,3,Down
reaffirm,1,Down
chinabrokered,1,Down
shanghai,1,Down
batspave,1,Down
azenta,1,Down
nasdaqazta,1,Down
modera,1,Down
nysearcadfae,1,Down
russell,1,Down
nysearcaiwv,1,Down
nysejhg,1,Down
cummins,2,Down
nysecmi,2,Down
dun,1,Down
bradstreet,1,Down
nysednb,1,Down
ted,1,Down
cruz,1,Down
defend,1,Down
sydney,1,Down
sweeneys,1,Down
ripped,1,Down
nazi,1,Down
propaganda,1,Down
confirms,1,Down
lawyer,1,Down
emil,1,Down
past,1,Down
oreo,1,Down
reeses,1,Down
fan,1,Down
begging,1,Down
mashup,1,Down
decade,1,Down
tsunami,1,Down
wave,1,Down
hawaii,1,Down
quake,1,Down
russia,1,Down
leerink,1,Down
partnrs,1,Down
bearish,1,Down
revvity,1,Down
davidsons,1,Down
estimate,3,Down
bhrb,1,Down
origin,1,Down
seaport,1,Down
ptns,1,Down
colm,1,Down
tseifc,1,Down
prediction,1,Down
heicos,1,Down
nysehei,1,Down
grab,1,Down
nasdaqgrab,1,Down
boosted,1,Down
scotiabank,1,Down
weaker,1,Down
fraser,1,Down
timber,1,Down
enta,1,Down
issued,1,Down
wainwright,1,Down
oscar,1,Down
oscr,1,Down
louisianapacific,1,Down
lpx,1,Down
central,1,Down
pet,1,Down
centa,1,Down
petro,1,Down
matad,1,Down
lonmatd,1,Down
earns,1,Down
shore,1,Down
colabor,1,Down
raymond,1,Down
james,1,Down
